"name","datasets","updated"
"National Park Service",1094,"2017-8-17"
"Washington State Department of Ecology",160,"2017-8-14"
"The County of Sonoma",14,"2017-7-28"
,22492,"2017-8-17"
"Waterschap Zuiderzeeland",46,"2017-5-31"
"ESRI Chile",62,"2017-7-31"
"City of Marion",3,"2017-1-12"
"Story County, Iowa GIS",3,"2016-12-6"
"Northwest Florida Water Management District",13,"2017-1-24"
"Kraj Vysočina ",31,"2016-12-6"
"City of Oakdale",1,"2016-12-6"
"California Department of Conservation",26,"2017-6-14"
"Ajuntament de Viladecans  - Portal Geogràfic",31,"2017-7-27"
"OEHHA CalEnviroScreen",25,"2016-12-6"
"Clark Magnet High School",26,"2017-6-10"
"City of Pflugerville GIS",17,"2017-7-19"
"Soporte Telematica",15,"2017-2-7"
"BostonMaps",73,"2017-8-9"
"NYC DCP Mapping Portal",62,"2017-8-14"
"國土資源保育學會 National Land Resources Conservation Society",12,"2016-12-6"
"County of Summit GIS",71,"2017-8-15"
"City Maps and Apps",24,"2017-8-17"
"County of Santa Clara",23,"2017-8-17"
"Esri JSAPI",57,"2017-8-15"
"South Florida Water Management District",24,"2017-8-7"
"Grant County, Washington",33,"2017-4-25"
"Atlas Digital Escolar",106,"2017-4-16"
" Virginia Lottery",41,"2016-12-6"
"Huntsville, AL",101,"2017-3-10"
"Juan Espinosa",12,"2016-12-6"
"Ville de Saint-Quentin",46,"2017-5-24"
"Calvert County GIS",8,"2016-12-6"
"ArcGIS Platform for Land Records",5,"2017-4-7"
"BOPLASS Geospatial",35,"2016-12-6"
"WaterNSW",22,"2017-6-14"
"Conseil départemental du Loiret",72,"2017-8-2"
"Durham-Chapel Hill-Carrboro MPO",173,"2017-5-12"
"Esri St. Louis Organization",418,"2017-8-9"
"County of Monterey",232,"2017-7-17"
"Universidade de Lisboa",45,"2016-12-6"
"ESRIジャパン株式会社",80,"2017-8-10"
"Esri UK Education",6,"2016-12-15"
"City of Elk Grove - Elkmap",53,"2017-8-12"
"Fundación Biosférica",142,"2017-8-16"
"Oklahoma Water Resources Board",206,"2017-4-20"
"Pacific Crest Trail Association",12,"2017-8-9"
"City of Johns Creek, GA - GIS",57,"2017-8-10"
"Adams County, Indiana and City of Decatur GIS",36,"2017-4-20"
"Sauk County",13,"2016-12-6"
"Montclair State University Campus Sustainability",198,"2017-6-25"
"oski",9,"2016-12-6"
"Los Angeles Department of Transportation",53,"2017-5-16"
"San Bernardino County Transportation Authority",58,"2017-8-11"
"Jeffrey Holden Hiking, Skiing, and Kayaking",31,"2017-1-19"
"Will County GIS",11,"2017-3-1"
"Austin GIS Online ",18,"2017-7-17"
"Communauté d'agglomération Rochefort Océan",3,"2016-12-6"
"  ГИС и ПЗФ",11,"2016-12-6"
"Jackson County GIS",131,"2017-8-11"
"Virginia Datathon",4,"2016-12-6"
"City of Norwalk CT",14,"2017-4-27"
"City of Daytona Beach",7,"2016-12-6"
"Energy Sector GIS Working Group Uganda",75,"2017-3-10"
"City of Worcester, MA",16,"2016-12-6"
"Esri",70,"2017-8-17"
"Helsingin seudun liikenne (HSL)",11,"2017-7-3"
"Esri Portugal",5,"2017-1-10"
"Esri Colombia",157,"2017-8-16"
"City of Pueblo",28,"2016-12-11"
"Unified Government of Wyandotte County Kansas City, Ks",71,"2017-4-27"
"Cabildo Insular de La Palma",344,"2017-8-16"
"Town of La Plata",4,"2016-12-6"
" City of San Jose - Department of Transportation",60,"2017-4-20"
"Wigan Council",29,"2017-4-5"
"Montana Department of Public Health and Human Services",5,"2017-4-6"
"Jifunze GIS",5,"2016-12-6"
"City of College Station",23,"2017-2-21"
"Wairarapa Councils",13,"2017-2-7"
"Châlons-Agglo",15,"2017-1-25"
"Hoogheemraadschap De Stichtse Rijnlanden",48,"2017-4-7"
"Office of Financial Management",7,"2017-3-15"
"New Hampshire Public Health Data",19,"2016-12-6"
"Canterbury Regional Council",381,"2017-8-1"
"Town of Normal",32,"2016-9-12"
"Oregon ArcGIS Online",95,"2017-7-24"
"Riverside County Mapping Portal",64,"2017-8-17"
"Direct Relief",36,"2017-8-14"
"FEMA",196,"2017-8-15"
"Omgevingsplatform",29,"2017-2-1"
"City of Grand Forks",3,"2017-3-29"
"Formacion ESRI",33,"2016-12-6"
"GIS Greenland on AGOL",146,"2017-6-29"
"RLP AgroScience GmbH - Institut für Agrarökologie (IfA)",4,"2017-3-3"
"Town of Wake Forest",36,"2017-8-3"
"Ohio Geographically Referenced Information Program",1075,"2017-7-6"
"Houston Airports",18,"2016-12-6"
"BDT Esri Chile",9,"2016-10-4"
"Bay County GIS",58,"2017-7-23"
"Environmental Data Center",347,"2017-8-9"
"Esri Latin America",2,"2016-12-6"
"European Environment Agency",3,"2016-12-6"
"Washington State Geospatial Portal",316,"2017-7-17"
"San Diego Association of Governments",80,"2016-12-6"
"Outagamie County",55,"2017-3-30"
"St. Norbert College",8,"2016-12-6"
"Essex County, Virginia",12,"2017-5-24"
"Connecticut Metropolitan Council of Governments",2,"2016-12-6"
"Smart Dubai",8,"2016-12-6"
"CACFP SFSP",6,"2016-12-6"
"EUP REGIONAL PLANNING",28,"2016-12-6"
"Sector de Recursos Naturales y Gobierno Nacional",10,"2017-4-25"
"Alaska Department of Natural Resources ArcGIS Online",423,"2017-8-10"
"City of Montpelier",35,"2017-4-13"
"Queenstown Lakes District Council",63,"2016-12-6"
"Colleton GIS",6,"2016-12-6"
"Indiana State Department of Health Geo Portal",195,"2016-12-6"
"Liberia Forest Development Authority",10,"2017-6-7"
"VT Center for Geographic Information",501,"2017-8-10"
"City of Houston GIS",118,"2017-5-31"
"Support",20,"2017-4-27"
"The World Bank",536,"2017-6-15"
"Sonoma County Ag Preservation and Open Space District",40,"2017-6-16"
"Seminole County GIS",5,"2016-12-6"
"Porin Kaupunki",307,"2017-6-30"
"CA Versailles Grand Parc",42,"2017-3-28"
"Coconino County",1,"2017-3-16"
"Avon Fire & Rescue",4,"2016-12-6"
"Norges vassdrags- og energidirektorat",144,"2017-6-7"
"GEOMAP-IMAGIS",1,"2016-12-6"
"Yukon Government",258,"2017-5-26"
"Consorcio Regional de Transportes de Madrid",238,"2016-12-6"
"Gwynedd Council",1,"2016-12-6"
"Carson City, Nevada",8,"2016-10-7"
"IDIGER",11,"2017-7-26"
"Evansville Vanderburgh County Area Plan",6,"2017-1-5"
"Wildlands Engineering, Inc.",21,"2016-12-6"
"Western Cape Government Living Atlas",6,"2016-12-6"
"Pro-West & Associates, Inc.",10,"2017-3-7"
"Civic Analytics Network",81,"2017-2-13"
"Food and Agriculture Organization of the United Nations",89,"2017-6-28"
"North Central Pa Regional Planning & Development",34,"2016-12-14"
"City of Lakewood, Ohio",19,"2017-7-28"
"City of Medford",11,"2016-12-6"
"L10NRelease",30,"2017-7-25"
"IOM GEO PORTAL",7,"2017-1-16"
"Campus CREA S2i",12,"2016-12-6"
"Câmara Municipal Lisboa",125,"2017-8-14"
"Département du Var",3,"2017-8-17"
"Sciences Portal",76,"2017-6-15"
"Observatoire de l'économie et des territoires du 41",3,"2016-12-6"
"Wake County",86,"2017-6-7"
"PA Turnpike Commission",25,"2017-1-27"
"ICT Authority",621,"2017-7-13"
"SKLEC",10,"2017-7-30"
"Southern California Coastal Water Research Project",15,"2017-8-16"
"Maricopa Association of Governments",25,"2017-7-27"
"Glynn County Georgia",87,"2017-8-16"
"County of Sussex",43,"2017-8-15"
"Auckland Transport",24,"2017-7-31"
"ArcGIS for Imagery",8,"2017-8-4"
"GEOCATMIN",93,"2017-8-14"
"SCE C-GIS Project",20,"2017-8-14"
"Novo GeoAmazonas",16,"2017-4-19"
"British Antarctic Survey",40,"2016-12-6"
"DCCAE",3,"2016-12-19"
"Chula Vista GIS",47,"2017-2-3"
"Tookany/Tacony-Frankford Watershed Partnership",23,"2017-8-17"
"UNEP Live",545,"2017-7-26"
"Napa County GIS",4,"2016-12-6"
"The Piedmont Environmental Council",5,"2017-7-5"
"     Henry County GIS Map Gallery",62,"2017-8-17"
"Snohomish County",10,"2017-2-17"
"Washington State Department of Transportation (ITD)",5,"2017-1-16"
"Utah Trust Lands Administration",77,"2017-4-3"
"Choctaw Nation of Oklahoma GIS Office",2,"2017-4-5"
"Miljø og Energiforvaltning",59,"2017-2-22"
"SIG-MIO DE METRO CALI S.A",12,"2016-12-6"
"Spatial NI",68,"2017-8-15"
"Canterbury City Council",7,"2017-7-19"
"Comunidad SIG",90,"2017-7-26"
"SDGs",177,"2017-7-19"
"DBS Northeast Development Sandbox",11,"2017-2-6"
"Lenexa, Kansas",15,"2017-3-13"
"Woods Hole Research Center",6,"2016-12-6"
"Puyallup School District #3",3,"2016-12-6"
"AlphaGIS",40,"2017-8-8"
"Seattle Parks and Recreation",8,"2017-3-21"
"City of Sherman, Texas",12,"2017-1-10"
"ESRI R&D Center",89,"2017-8-17"
"Kendall County Texas",13,"2017-8-3"
"City of Palestine",2,"2017-1-26"
"Collaborative Crop Research Program",192,"2017-7-10"
"Sean Kearney",13,"2016-12-6"
"SĮ „Susisiekimo paslaugos“",45,"2016-12-6"
"City of San Ramon Online Map",3,"2016-7-12"
"Vassar College",8,"2017-3-16"
"City of Greenville",19,"2016-12-6"
"Komenda Wojewódzka PSP w Łodzi",44,"2017-6-14"
"City of Port Adelaide Enfield",49,"2017-7-4"
"Nebraska Game & Parks Commission",43,"2017-3-9"
"FARSIGEOTECH",4,"2016-12-6"
"City of San José",73,"2017-1-25"
"The City of Missouri City",14,"2017-3-31"
"The Onyx Group",6,"2017-6-19"
"Chesterfield County, VA",89,"2017-6-12"
"Ayuntamiento de Rivas Vaciamadrid",6,"2016-12-6"
"Esri Philadelphia Regional Organization",14,"2016-12-6"
"City of Clearwater",7,"2016-12-6"
"Provincie Gelderland",8,"2016-12-6"
"NSS PHI",3,"2016-12-6"
"Village of Schaumburg Maps",28,"2016-12-6"
"Industry Solutions",74,"2016-12-6"
"Census & Economic Information Center",35,"2017-1-31"
"San Mateo County",180,"2017-8-17"
"Chatham County GIS Portal",48,"2017-6-12"
"Darlington Borough Council",17,"2017-6-2"
"Vector Borne Surveillance and Control",1,"2016-12-6"
"FAUQUIER COUNTY MAPS",18,"2016-12-6"
"VT-AHS",6,"2017-2-6"
"Esri South Africa - Eastern Region",4,"2016-12-6"
"U.S. Federal Maps and Apps",361,"2017-8-17"
"Clearwater County",7,"2016-12-6"
"State of Idaho",107,"2017-8-17"
"AGOL da Internet. Xunta de Galicia",3,"2016-12-6"
"Alcaldía de Manizales",21,"2017-4-12"
"Diario de Cuba",52,"2016-12-10"
"Hastings District Council",17,"2017-5-21"
"Beautify Our Neighborhood",32,"2017-6-8"
"Fermanagh And Omagh District Council",10,"2017-4-11"
"Workshop Organisation",13,"2017-3-7"
"City of Tampa",86,"2017-4-26"
"Shared Landscapes",25,"2017-6-27"
"Polk County GIS",69,"2017-4-24"
"Gobierno Local",6,"2016-12-6"
"South Dublin County Council",50,"2017-5-31"
"Wood County Land Information Office",17,"2017-5-16"
"Town of Mashpee",11,"2017-5-26"
"OPT-NC",3,"2017-3-13"
"Puget Sound Regional Council",7,"2017-7-6"
"South Ayrshire Council",33,"2017-3-30"
"City of Wilmington",7,"2017-6-27"
"防犯情報マップ",2,"2016-12-6"
"Eagle Technology Group Ltd",159,"2017-8-12"
"SĮ "Vilniaus Planas"",58,"2017-4-6"
"UNHCR Camp Information Management System",20,"2016-12-6"
"Esri Community Portal for GEOSS",33,"2017-6-6"
"Adele Ramos on ArcGIS Online",4,"2017-1-16"
"Opendata Portaal geoinformatie Den Haag",178,"2017-8-4"
"Geosystems SRL",25,"2017-5-11"
"Redland City Council",40,"2016-12-6"
"Virtual Alabama GeoHub",45,"2017-4-10"
"Administración Local",3,"2016-12-6"
"Oklahoma Department of Environmental Quality",27,"2017-7-18"
"City of Launceston",39,"2017-7-17"
"The University of Edinburgh",7,"2017-2-24"
"Kittitas County GIS",22,"2017-3-24"
"Fédération Wallonie-Bruxelles Portail cartographique",20,"2016-12-6"
"Lunds kommun",29,"2017-2-24"
"Arizona State Land Department",15,"2017-3-16"
"City of Ames, Iowa",58,"2017-2-2"
"Multnomah County Maps",6,"2017-4-18"
"City of Falls Church - Maps",21,"2017-8-7"
"Kodiak Island Borough",4,"2017-1-17"
"瓊林蔡氏千年聚落風華再現及管考數位平台",69,"2016-12-29"
"The Corporation of Haldimand County",30,"2017-6-14"
"Cloudpoint Geographics Inc. ",3,"2017-1-6"
"Franklin County, Ohio",49,"2017-7-19"
"INE de Cabo Verde",43,"2017-1-10"
"Peak District National Park Authority",11,"2017-7-5"
"Middlesex County, NJ",2,"2017-1-23"
"Spokane Regional Transportation Council",9,"2017-3-23"
"City of Hoboken",7,"2017-8-16"
"Capital Region Board",72,"2017-5-9"
"The City of Grande Prairie",3,"2017-2-2"
"Esri State Sales Team Mapping Platform",31,"2017-8-1"
"City of Thornton",21,"2017-6-28"
"Esri Press - Official Book Site",6,"2017-1-25"
"City of Littleton",33,"2017-5-3"
"Department of Conservation",4,"2017-2-24"
"AMsterdams ARcheologisch GIS",3,"2017-4-4"
"TELEMATICA",33,"2017-4-21"
"City of Fort Lauderdale",7,"2017-4-13"
"Community Planning Association of Southwest Idaho",8,"2017-7-5"
"Des Moines Area Metropolitan Planning Organization",10,"2016-12-6"
"Washoe County, Nevada",19,"2016-12-6"
"Your Local Government",97,"2017-7-17"
"Provincie Noord-Brabant",5,"2014-6-11"
"Геопортал Арктики",20,"2016-12-6"
"Standby Task Force",33,"2016-12-6"
"  Ramat Hanadiv Maps and Apps",49,"2017-5-7"
"Alachua County Property Appraiser GIS",14,"2017-8-14"
"Esri Inc. Office in Dubai",45,"2016-12-6"
"Town of Dedham",32,"2017-3-8"
"Facilities & Indoors GIS",16,"2016-12-6"
"North Frontenac Township",34,"2016-12-6"
"Корпоративный геопортал Esri CIS",1,"2016-12-6"
"Lichfield District Council",149,"2017-4-4"
"City of Muskego",12,"2017-5-5"
"City of Grand Rapids",9,"2017-1-31"
"Portal Geografico",21,"2016-12-6"
"IDE.SEVILLA Ayuntamiento de Sevilla",57,"2017-7-17"
"Arcville",38,"2016-12-6"
"Mikkelin kaupunki",4,"2016-12-6"
"Esri Malaysia ArcGIS Online",22,"2016-12-6"
"Esri Sverige AB Team GIS-Assignments",2,"2016-12-6"
"Région du Québec",138,"2017-6-22"
"IBGE Mapas Interativos",19,"2016-12-6"
"Esri Portland R&D",8,"2016-12-6"
"Cardno Asia Pacific",1,"2016-12-6"
"Den offentlige sektor",5,"2016-12-6"
"MapData Services",11,"2016-12-6"
"Århus kommune",4,"2016-12-6"
"Esri Applications Team",6,"2016-12-6"
"Maubeuge Créative Cities",8,"2017-7-19"
"HubHacks Boston",3,"2016-12-6"
"Community Resource Information System (CRIS)",11,"2016-12-6"
"GeoNB",43,"2017-2-15"
"      Stadt Mittenwalde",7,"2016-12-6"
"Town of Parry Sound",13,"2016-12-6"
"Land and Natural Resources",249,"2017-7-10"
"Town of Amherst, MA",26,"2017-3-8"
"City of Cambridge GIS",346,"2017-8-8"
"Energia Verde",10,"2016-12-6"
"Open Data Institute Queensland",2,"2016-12-6"
"City of Cloud Creek",14,"2017-6-16"
"Commercial Markets Portal",6,"2017-1-25"
"ArcGIS for Financial Services",8,"2016-12-6"
"Tallahassee-Leon County GIS",43,"2017-6-29"
"Inteligência Geográfica na Educação",2,"2016-12-6"
"Ohio Valley Regional Development Commission",1,"2016-12-6"
"San Antonio Regional Office",4,"2016-12-6"
"Aalborg Kommune",9,"2017-1-16"
"Esri Canada User Conferences",70,"2017-8-16"
"Connecticut Maps",28,"2017-7-31"
"Cornell Cooperative Extension Geospatial Mapping",12,"2016-12-6"
"City of Hartford",99,"2017-6-26"
"Office of the Superintendent of Public Instruction",8,"2017-3-15"
"Town of Hilton Head Island, SC",86,"2017-7-31"
"Conteúdo Geográfico - Imagem",39,"2017-1-11"
"Esri UK - DNSPS Team",5,"2016-12-6"
"City of Greeley, Colorado",46,"2017-6-22"
"Cape Cod Commission",153,"2017-5-11"
"Portal Geográfico Nacional",118,"2016-12-6"
"Westfield State University",1,"2016-12-6"
"한국에스리",5,"2016-12-6"
"Programa de Saneamento Ambiental da Baía de Guanabara",22,"2016-12-6"
"CGIAR - Consortium for Spatial Information (CGIAR-CSI)",127,"2017-6-15"
"Santee Cooper GIS Laboratory - College of Charleston",328,"2017-1-19"
"National Geospatial-Intelligence Agency",505,"2017-8-14"
"Washington County, MN",22,"2017-4-14"
"esri BeLux Online Public Data",64,"2016-12-6"
"Esri BeLux",6,"2017-6-8"
"Esriro Edu",33,"2016-12-6"
"City of Annapolis",61,"2016-12-6"
"Effingham County GIS",22,"2016-12-6"
"TBSL",77,"2017-7-6"
"South Suburban Mayors & Managers Association",63,"2017-7-19"
"Organisasjonens Kartportal",5,"2016-12-6"
"Hackathon Station",31,"2017-5-11"
"Ministerio de Fomento",3,"2016-12-6"
"Luna County, New Mexico",20,"2017-8-17"
"Albemarle County, VA",20,"2017-8-9"
"Esri Boston Regional Organization",2,"2016-12-6"
"City of San Luis Obispo GIS",22,"2017-2-21"
"North Carolina Department of Transportation",15,"2017-8-15"
"City of Des Moines",4,"2016-12-6"
"Montgomery County, MD",108,"2017-5-1"
"Mairie de Nanterre",9,"2016-12-6"
"互動國際數位-GIS雲端展示分析平台",1,"2016-12-6"
"GeoPortal de la CVC",33,"2017-5-20"
"Esri Finland",15,"2017-3-6"
"Town of Brookline, Massachusetts",24,"2016-12-6"
"   Texas Education Agency",4,"2017-3-22"
"Ayutthaya Smart City",16,"2016-12-6"
"Ethiopia Geography Online",261,"2016-12-6"
"Felsburg Holt & Ullevig",9,"2016-12-6"
"Ethiopia Online",29,"2017-6-15"
"Center For Neighborhoods",14,"2017-4-17"
"Illinois EPA",12,"2016-12-6"
"Morgan County, Illinois Maps & Applications Portal",13,"2017-3-15"
"Envisioning Team",10,"2016-12-6"
"  Geographic Techniques LLC",3,"2017-2-3"
"Esri Polska",4,"2016-12-6"
"GIS Geek North",69,"2017-6-1"
"Peace Parks Foundation",20,"2016-9-13"
"Sierra Water Workgroup",212,"2017-5-1"
"Baltimore City",45,"2017-3-16"
"Landmark College",1,"2016-12-6"
"Port of Rotterdam",23,"2017-8-17"
"County of San Luis Obispo",116,"2017-2-21"
"LA City Controller",46,"2017-7-31"
"City of Brooklyn Park",3,"2016-12-6"
"החברה להגנת הטבע",299,"2017-7-4"
"UNIGIS International Association",48,"2017-3-1"
"City of Cupertino",68,"2017-6-26"
"עיריית ירושלים",7,"2016-12-6"
"Waupaca County Land Information",57,"2017-7-26"
"Gobierno Regional",18,"2016-12-6"
"Nova Scotia Environment",10,"2016-12-6"
"Matawa First Nations Management",118,"2017-2-23"
"Montezuma County Online Mapping",12,"2016-12-6"
"GeoGo",6,"2016-12-6"
"Kapiti Coast District Council",4,"2016-12-6"
"'s-Hertogenbosch",40,"2017-3-7"
"The Efficiency Network",2,"2016-12-6"
"My Government",11,"2017-6-16"
"County Sandbox",9,"2016-12-19"
"US Army Corps of Engineers, Sacramento District",56,"2016-12-6"
"Smart Cities",84,"2017-8-8"
"Cape York NRM",9,"2016-12-6"
"PMO Regional Administration and Local Government",6,"2016-12-6"
"Water Resources",32,"2017-6-29"
"Esri Support Services",209,"2017-8-16"
"Esri Schweiz",4,"2016-12-6"
"North Point Geographic Solutions",21,"2016-12-6"
"Lewis & Clark County - City of Helena GIS",24,"2017-2-2"
"GEORED 507 PANAMA",24,"2017-7-22"
"Mapping | Statistics | Imagery",10,"2017-4-4"
"Penn State Data Commons",71,"2017-7-12"
"City of Bellingham",48,"2016-12-6"
"Baltimore Metropolitan Council",44,"2017-7-21"
"MA 99, Magistratsabteilung für spezielle Aufgaben",8,"2016-12-6"
"City and County of Broomfield",23,"2017-8-11"
"Essex Technical High School",13,"2017-3-31"
"Тверской государственный университет",1,"2016-12-6"
"DEMO Portál dat Sentinel",4,"2016-12-6"
"Soluciones Esri España",14,"2016-12-6"
"Metro",14,"2016-12-6"
"City of Longmont",7,"2017-3-8"
"RakunoGakuenUniversity",112,"2016-12-6"
"ECWRPC",10,"2017-2-1"
"City of Vero Beach GIS Division",8,"2017-3-31"
"Summit Utilities",7,"2016-12-6"
"Portail SIG de la Région Centre-Val de Loire",28,"2016-12-15"
"Three Rivers Park District",11,"2017-3-10"
"Observatorio Socioeconómico Provincial de Cáceres",134,"2016-12-6"
"City of Pittsburgh",12,"2017-7-18"
"INFOGEO54",6,"2016-12-6"
"Esri Water Resources Development",3,"2016-12-6"
"Atelier Parisien d'Urbanisme",82,"2017-7-10"
"Portail environnemental",3,"2016-12-6"
"Servicios Profesionales - Esri España",23,"2016-12-15"
"CITY OF FARIBAULT",5,"2016-12-6"
"Chelmsford City Council",9,"2016-4-5"
"Pacific Northwest Maps",71,"2017-8-7"
"Expertise",5,"2016-12-6"
"Esri UK Bureau",79,"2017-8-9"
"Northland Regional Council",22,"2017-3-5"
"City of Albuquerque",54,"2016-12-6"
"Snohomish County Geographic Information Portal",11,"2016-12-6"
"Bezpieczeństwo",12,"2016-12-16"
"ArcGIS Online",6,"2016-12-6"
"Geo Aannemer B.V.",9,"2017-1-16"
"PA Department of Conservation & Natural Resources",95,"2017-7-17"
"Deloitte Geospatial Analytics",12,"2016-12-6"
"Shasta Spatial",4,"2016-12-6"
"Aarhus Universitet",8,"2016-12-6"
"City of Kennewick",58,"2016-12-6"
"Larry Spear's GIS Research Projects",17,"2017-7-31"
"Montana Geographic Information",44,"2017-5-1"
"Colorado Health Institute",14,"2016-12-6"
"City of Melbourne",19,"2017-2-17"
"Esri Canada Training",2,"2017-3-3"
"City of Aurora, Colorado Maps",91,"2017-7-31"
"Лаборатория тематического картографирования",23,"2016-12-6"
"Town of Culpeper VA",12,"2017-6-23"
"Manningham City Council",12,"2016-12-6"
"National Institute of Statistics of Rwanda",41,"2017-7-7"
"Geoportal University of Groningen",35,"2017-6-19"
"ARCDATA PRAHA, s.r.o.",51,"2017-2-10"
"Farm Service Agency",82,"2017-2-9"
"University Lands",6,"2016-12-6"
"Öffentliche Sicherheit",6,"2016-12-6"
"City of Gulfport, MS",12,"2017-4-21"
"Florida Department of Health",7,"2016-12-6"
"Departamento Administrativo Nacional de Estadística",33,"2016-12-6"
"Eagle Technology Professional Services",14,"2016-12-21"
"Palmerston North City Council",26,"2017-8-16"
"ArcGIS Platform for Law Enforcement",22,"2017-7-13"
"Aljibe Compañía de Aguas",18,"2016-12-6"
"SIGU-TOPOGRAPHIE",16,"2016-12-6"
"The City of San Diego",2,"2017-2-9"
"statutární město Opava",7,"2016-12-7"
"商業分析雲端平台",15,"2016-12-6"
"gemeente Renkum",6,"2016-12-6"
"Stone Environmental Inc.",34,"2017-6-15"
"UC Agriculture and Natural Resources",18,"2016-12-6"
"FLUOR - Paducah Deactivation Project",2,"2016-12-6"
"InDNRMaps",10,"2016-4-14"
"Tennessee Wildlife Resources Agency",2,"2017-6-20"
"DEMO - County of GIS",7,"2016-12-6"
"Colorado State University",18,"2016-12-6"
"Městský úřad Hořice",3,"2016-12-6"
"LACSD",6,"2016-12-6"
"Projecto QARSC",11,"2017-3-31"
"Geomatic",4,"2016-12-6"
"Esri EA National Government",16,"2017-2-24"
"City of Lawrence, Kansas",5,"2017-8-7"
"ESS_Onboarding",4,"2016-12-6"
"City of Peterborough",3,"2016-12-6"
"Matrix Design Group",70,"2016-12-6"
"    Tower Hamlets Map Portal",13,"2016-5-12"
"Health and Public Safety",28,"2017-6-15"
"Sample AGO Site",1,"2016-12-6"
"West Linn GIS",10,"2016-12-6"
"Elinkeino-, liikenne- ja ympäristökeskus",5,"2016-12-6"
"Esri Ed Services Instructors",1,"2016-12-6"
"Innovate! Inc.",1,"2016-12-6"
"Provincie Utrecht",11,"2016-12-6"
"Ajuntament de Sant Boi de Llobregat",1,"2016-12-6"
"Virginia Institute of Marine Science",11,"2016-12-6"
"My Government GIS",21,"2017-7-20"
"Bastrop County, Texas Online Maps",13,"2017-5-15"
"City of Washington, DC",893,"2017-8-16"
"Metropolitan Washington Council of Governments",126,"2017-8-16"
"Massachusetts geoDOT",59,"2017-7-24"
"Jackson County, Missouri GIS",154,"2017-7-31"
"Iowa Department of Transportation",514,"2017-7-31"
"Department of State, Humanitarian Information Unit",10,"2017-5-19"
"Texas Local Government",31,"2017-5-24"
"Esri Development Support",2,"2015-2-11"
"Town of Little Elm",11,"2017-5-22"
"DHS Geospatial Information Infrastructure (GII)",236,"2017-8-4"
"City of Buda",13,"2017-7-20"
"NOAA GeoPlatform",1303,"2017-8-12"
"Miljødirektoratet",2,"2017-2-8"
"City & County of Honolulu",161,"2017-8-16"
"Manatee County Government",105,"2017-7-24"
"Metropolitan Transportation Commission",38,"2017-8-17"
"Pacific States Marine Fisheries Commission",38,"2017-5-19"
"Regional District of Central Okanagan",67,"2017-7-4"
"Mississippi Public Service Commission",6,"2017-5-19"
"Central Ohio Transit Authority",46,"2017-8-16"
"City of Kelowna",141,"2017-5-19"
"Environment Connections",79,"2017-6-12"
"City of Brantford",52,"2017-5-25"
"Tompkins County Mapping Portal",36,"2017-8-11"
"District of Squamish",33,"2017-7-10"
"Save the Children Italia",207,"2016-10-23"
"County of Hastings",4,"2017-5-29"
"                                                          ArcGIS Online",30,"2017-6-21"
"Perth & Kinross Council",12,"2017-8-1"
"West Coast Regional Council",14,"2017-6-7"
"Production Testing",3,"2017-5-30"
"Southeast Regional Services",20,"2017-5-25"
"Madison-Rexburg GIS",5,"2017-6-15"
"Spejdernes Lejr 2017",12,"2017-7-23"
"City of Charlotte",78,"2017-8-7"
"City of Wichita GIS",34,"2017-6-12"
"County of Allegheny, PA",91,"2017-8-16"
"Esri Canada Technical Support",94,"2017-8-2"
"DuPage County Illinois",71,"2017-8-14"
"Southwest Florida Water Management District",128,"2017-5-25"
"Steuben County GIS",17,"2017-5-25"
"Douglas County, CO",76,"2017-8-17"
"Blue Raster",19,"2017-6-15"
"Global Forest Watch",113,"2017-8-13"
"Esri Aid & Development Industry Team",4,"2017-3-20"
"Stadt Chemnitz",61,"2017-8-14"
"Esri Deutschland",581,"2017-8-17"
"INFOMAR",26,"2017-7-28"
"NC Dept. of Environmental Quality",50,"2017-8-17"
"Sierra Nevada Conservancy",30,"2017-8-15"
"imb",5,"2017-5-26"
"SINFRA-Mato Grosso",2,"2016-5-21"
"Cabarrus County North Carolina",89,"2017-5-23"
"Model Health Organization",13,"2017-6-8"
"Openware Information Consulting Company ",4,"2017-5-24"
"3 Rivers Wet Weather",16,"2017-7-25"
"SynerGIS (Esri Distributor in Österreich)",11,"2017-5-24"
"Harrison County Geospatial Information Services",7,"2017-5-24"
"Baltimore Neighborhood Indicators Alliance",14,"2017-5-24"
"Auglaize County GIS",1,"2016-12-6"
"Esri UK Technical Support",9,"2017-6-19"
"City of Powder Springs",8,"2017-5-30"
"City of Rochester Hills",1,"2017-5-30"
"WDODelta",34,"2017-7-2"
"City and County of Durham, NC",70,"2017-7-27"
"Esri National Government",44,"2017-8-17"
"Forestry Commission",123,"2017-8-11"
"City of Temecula",20,"2017-7-5"
"NetHope",146,"2017-8-3"
"Salt Lake City",13,"2017-5-31"
"EGS",1,"2017-5-31"
"City of Lincoln\Lancaster County, NE Maps & Apps",91,"2017-8-2"
"Marlborough District Council",119,"2017-7-24"
"Utah DNR Online Maps",6,"2017-6-21"
"       Eaton County GIS",8,"2017-7-20"
"Toulon Provence Méditerranée",71,"2017-5-11"
"Corporation of the City of London",53,"2017-5-11"
"West Parry Sound Geography Network",10,"2017-5-11"
"McLennan County",4,"2017-5-11"
"Ministerie van Economische Zaken",1,"2017-5-11"
"Forestry Corporation of NSW",6,"2017-5-10"
"Interactive Digital Technologies Inc.",5,"2017-5-12"
"Waterschap Hollandse Delta",56,"2017-8-16"
"london borough of lambeth",110,"2017-8-3"
"Stadtportal",13,"2017-5-12"
"INFOGRAPH",16,"2017-7-27"
"CNMI Division of Coastal Resources Management",31,"2017-5-14"
"UT-Chattanooga GIS Projects",204,"2017-7-6"
"Plzeňský kraj",7,"2017-5-15"
"City of Rockville, MD",53,"2017-5-31"
"Carroll County, Maryland",32,"2017-8-16"
"mikebeaversEsri AGOL Site",30,"2017-8-10"
"Map Portal",52,"2017-5-11"
"Instituto Geográfico Nacional",63,"2017-5-9"
"Lorain County Auditor GIS",225,"2017-5-10"
"geographic mapping technologies, corp.",17,"2017-5-8"
"City of Keene GIS",12,"2017-6-16"
"Esri Denver Demonstration",23,"2017-5-26"
"City of Greater Sudbury",50,"2017-8-16"
"City of Lynchburg",183,"2017-7-18"
"Causeway Coast and Glens Borough Council",63,"2017-8-1"
"Gemeente Breda",105,"2017-8-10"
"ECOWARN Geo Platform",3,"2017-5-11"
"Plan Hillsborough",17,"2017-8-11"
"City of Cornwall",22,"2017-7-26"
"Yukon Geological Survey",6,"2017-5-9"
"   Große Kreisstadt Delitzsch",2,"2017-5-10"
"Dept of Housing, Planning, Community & Local Government",24,"2017-6-21"
"WSDOT Online Map Center",79,"2017-8-16"
"Оренбургский государственный университет",1,"2017-5-12"
"Big Ten Academic Alliance Geospatial Data Project",12,"2017-5-17"
"Geoinfo Support ",7,"2017-5-17"
"gemeente Staphorst",11,"2017-5-17"
"Lake County, Illinois",57,"2017-7-26"
"IDS Ecuador",10,"2017-6-7"
"City of Aspen GIS",53,"2017-8-8"
"City of Sioux Falls GIS",94,"2017-7-17"
"City of New Braunfels, Texas",27,"2017-5-17"
"Bexar County",44,"2017-7-10"
"ArcGIS for State Government",160,"2017-7-28"
"VicForests",3,"2017-4-27"
"互動國際數位(股)公司 Interactive Digital Technologies Inc.",28,"2017-5-18"
"Municipality of Chatham-Kent",90,"2017-7-14"
"City of Webster, Texas",2,"2017-5-12"
"Support ESRI France",8,"2017-5-12"
"Oklahoma Department of Transportation",77,"2017-8-11"
"City of Sarasota, Florida",6,"2017-5-12"
"City of Raleigh",43,"2017-7-19"
"Hendrikson & Ko",37,"2017-5-19"
"City of Leander, Texas",31,"2017-8-2"
"Regional District of East Kootenay GIS and Mapping",32,"2017-8-8"
"County and Regional Government",85,"2017-8-5"
"Landkreis Diepholz",47,"2017-7-6"
"AGENCE DE L'EAU ARTOIS PICARDIE",22,"2017-6-2"
"Alaska Department of Environmental Conservation",28,"2017-6-30"
"Arendalen kommune",33,"2017-6-2"
"Capital Area Council of Governments",36,"2017-8-2"
"Bakersfield Mapping Portal",16,"2017-6-2"
"The Trust for Public Land",327,"2017-6-5"
"Santa Clara County Planning and Development Department",50,"2017-6-5"
"Peoria County GIS",20,"2017-6-29"
"California Department of Public Health",2,"2017-6-5"
"Esri Conservation Program",113,"2017-8-4"
"Office of the CA Geographic Information Officer",352,"2017-6-5"
"DOI Landscape Decision Tool",54,"2017-8-14"
"State of Michigan",50,"2017-8-16"
"UN DESA Statistics Division",2,"2017-4-26"
"Michigan Department of Transportation",17,"2017-6-28"
"Kentucky Geological Survey",101,"2017-8-16"
"City of Pasadena, CA",62,"2017-8-11"
"Australian Commission on Safety & Quality in HealthCare",51,"2017-6-5"
"IndianaMAP",171,"2017-6-6"
"Centre County Government",43,"2017-6-6"
"County Donegal Maps",12,"2017-6-14"
"ArcGIS for Water Utilities",21,"2017-6-6"
"Storytelling with Maps",42,"2017-8-14"
"City of Urbana",7,"2017-6-6"
"City of O'Fallon, Illinois",6,"2017-8-11"
"DVRPC-GIS",61,"2017-8-9"
"ArcGIS Online for City Government",92,"2017-8-16"
"New Jersey Office of GIS",123,"2017-8-8"
"MapIT Minneapolis",95,"2017-8-17"
"City of Portland, Oregon",186,"2017-8-11"
"Bonneville Power Administration",8,"2017-6-1"
"SISTEMA DE INFORMACIÓN AMBIENTAL CORPORATIVO",40,"2017-8-1"
"City of Alexandria GIS",33,"2017-6-6"
"Waukesha County",80,"2017-6-6"
"Ayuntamiento de Madrid",11,"2017-6-8"
"Esri UK Content",8,"2017-6-7"
"Routt County GIS",5,"2017-6-7"
"CSRD Pilot Climate Services Portal for Bangladesh",53,"2017-4-27"
"York County, Pennsylvania",7,"2017-4-28"
"City of Saskatoon",5,"2017-5-4"
"City of Victoria",1,"2017-4-27"
"U.S. Fish & Wildlife Service",15,"2017-8-10"
"Geosys Enterprise Solutions",3,"2017-4-28"
"New Castle County GIS",138,"2017-4-28"
"Idaho Department of Environmental Quality GIS",55,"2017-8-15"
"Nevada Division of Minerals",26,"2017-7-19"
"Esri Japan Open Data Portal",722,"2017-8-16"
"USAID Ghana HPNO supported by E4H (MSI)",9,"2017-7-5"
"The Nature Conservancy",406,"2017-7-18"
"Database Services",5,"2017-4-21"
"Etat du Valais, CC GEO // Staat Wallis, CC GEO",6,"2017-7-3"
"Esri Canada Prairies Region",18,"2017-4-25"
"City of Sugar Land",30,"2017-2-18"
"City of Bozeman, Montana",60,"2017-8-8"
"Randolph County, NC",9,"2017-4-26"
"City of Pearland",8,"2017-4-25"
"City of Lebanon Maps",20,"2017-4-25"
"Liikennevirasto",28,"2017-4-26"
"Esri Canada - Atlantic Region",21,"2017-7-26"
"Dept. of Commerce, Community, & Economic Development",8,"2017-4-26"
"Washington State Department of Natural Resources",63,"2017-8-9"
"City of Fort Worth",1,"2017-4-26"
"NC OneMap",146,"2017-7-19"
"Office of the Inspector General",6,"2017-4-26"
"City of St. Albert",1,"2017-4-27"
"City of Hobart",62,"2017-8-15"
"Will's Org",13,"2017-5-26"
"The Met Office",37,"2017-4-21"
"Tri-County Health Department",1,"2017-2-18"
"Mapping the Opioid Epidemic",1,"2017-1-22"
" City of Santa Ana",11,"2017-4-28"
"Esri Italia ",8,"2015-9-18"
"FracTracker Alliance",2,"2016-12-5"
"The Municipality of the District of Chester",1,"2017-5-1"
"City of Redding GIS",63,"2017-7-17"
"The Evergreen State College (TESC)",12,"2016-12-6"
"SDI team",25,"2017-7-5"
"Alberta Geological Survey",30,"2017-8-16"
"University of California, Santa Barbara",165,"2017-8-16"
"City of Stafford Texas",70,"2017-4-12"
"City of Nashua NH",37,"2017-5-10"
"Linn County Iowa GIS",100,"2017-8-10"
"cepel-dte",22,"2017-8-17"
"County of Henrico, Virginia",86,"2017-7-28"
"City of West Bend",10,"2017-4-26"
"Florida Department of Agriculture and Consumer Services",14,"2017-7-18"
"SmartUJI",65,"2017-4-15"
"Choptank River Heritage",5,"2017-7-16"
"City of Shawnee, Kansas",14,"2017-4-19"
"Metro Parks Tacoma",133,"2017-4-15"
"Natural Resources Conservation Service ",7,"2017-8-4"
"Hamilton City Council",1,"2017-4-18"
"Esri Geodesign",1,"2017-4-12"
"The Science of Where",21,"2017-8-14"
"St. Charles County Government",41,"2017-7-26"
"ArcGIS Online for Maryland",559,"2017-8-17"
"Idaho Department of Water Resources",50,"2017-6-12"
"Dept of Health & Mental Hygiene",8,"2017-4-17"
"City of Boise, Idaho",11,"2017-7-7"
"Scott County Minnesota",74,"2017-6-26"
"Government of South Australia",1,"2017-4-18"
"Brest métropole",199,"2017-6-27"
"Regional Centre for Mapping of Resources",55,"2017-8-16"
"City of Philadelphia",199,"2017-8-17"
"City of Houston Public Works & Engineering Department",5,"2017-4-19"
"GeoHub - Albany, Oregon",28,"2017-4-19"
"36 Commuting Solutions",5,"2017-3-6"
"The Rivers Trust",40,"2017-5-17"
"Esri South Africa Technical Marketing",3,"2017-2-15"
"Consiliul Judetean Bihor",2,"2017-3-8"
"The City of Portland, Maine",4,"2017-3-6"
"Association of Central Oklahoma Governments",1,"2017-3-7"
"Logan City Council",190,"2017-8-16"
"GeoPortal",20,"2017-1-27"
"המינהל האזרחי ליהודה ושומרון",5,"2017-1-26"
"Civitas",4,"2017-2-9"
"City of Weston",5,"2017-2-1"
"Data Driven Detroit",196,"2017-8-8"
"Samsýn ehf",2,"2017-2-15"
" Nevada Department of Wildlife",43,"2017-3-13"
"City of Redmond, Oregon",18,"2017-2-22"
"Esri South Africa Training ",5,"2017-2-16"
".",220,"2017-7-25"
"City of Morganton GIS",25,"2017-2-16"
"Agencia Nacional de Tierras",1,"2017-3-9"
"CGI Federal",33,"2017-4-3"
"Cloquet Public Schools GIS",3,"2017-3-15"
"Black Gold Emergency Planners Inc.",4,"2017-3-16"
"St. Croix County",6,"2017-6-30"
"Camden County",13,"2017-8-17"
"California Dept of Public Health Geospatial Resources",21,"2017-8-14"
"California Department of Fish and Wildlife",8,"2017-2-3"
"California Department of Forestry and Fire Protection",28,"2017-6-30"
"The Claremont Colleges Library",10,"2017-3-7"
"Town of Cary",47,"2017-3-2"
"小売業デモポータル",3,"2017-2-8"
"Alaska Department of Fish & Game",10,"2017-8-4"
"Stadt Ulm",1,"2017-1-20"
"City of Tacoma",14,"2017-6-20"
"Santa Clara Valley Water District",13,"2017-2-2"
"Provincie Flevoland",3,"2017-2-2"
"Local Maps",23,"2017-6-19"
"City of Altamonte Springs",4,"2017-1-24"
"Link Development",1,"2017-1-11"
"Cool Maps",8,"2017-4-20"
"Mddelcc - DGTI",6,"2017-1-9"
"World Health Organization",36,"2017-6-15"
"Lafayette Consolidated Government",43,"2017-7-26"
"City of Quinte West",12,"2017-6-13"
"Geodata Support",3,"2017-2-14"
"Esri Retail Maps and Apps",1,"2017-1-11"
"Landupplýsingakerfi Reykjavíkur",48,"2017-4-5"
"County of Roanoke",78,"2017-8-10"
"New York State Adirondack Park Agency",18,"2017-6-16"
"Mid-America Regional Council",15,"2017-7-13"
"Bell County",2,"2017-3-30"
"City of Hamilton",6,"2017-2-22"
"都市減災ジオポータル",7,"2017-2-22"
"Secretariat of the Pacific Community",2,"2017-2-22"
"Chittenden County Regional Planning Commission",1,"2017-2-3"
"LA Homeless Services Authority",2,"2017-2-27"
"ICE Sector Electricidad",3,"2017-2-27"
"Delaware County, Indiana",7,"2017-3-1"
"Montana Department of Transportation",35,"2017-6-16"
"C-Plan : CDOT Online Maps",7,"2017-2-24"
"Wellington City Council",33,"2017-7-27"
"Mrs. Compton's TAG Block",12,"2017-3-1"
"GEMEENTE ZEIST",13,"2017-7-11"
"Gemeente Noordoostpolder",9,"2017-3-3"
"VIA Metropolitan Transit",6,"2017-5-15"
"Caerphilly CBC",99,"2017-6-13"
"Classroom GIS Initiative",26,"2017-7-29"
"Health and Human Services Victoria",20,"2017-8-6"
"Lee County Florida GIS",65,"2017-6-9"
"Town of Oakville",8,"2017-4-11"
"Coshocton County GIS",3,"2017-4-11"
"Prefeitura da Cidade do Rio de Janeiro",4,"2017-4-11"
"EarthCorps",23,"2016-12-6"
"gisMontgomery",28,"2017-3-23"
"I.I.T. della Lombardia",17,"2017-4-4"
"Capacitaciones Geotecnologías S.A ",12,"2016-12-6"
"Huron County",8,"2016-12-6"
"Esri’s Disaster Response Program",36,"2017-8-15"
"Department of Agriculture,Environment and Rural Affairs",31,"2016-12-6"
"Cyprus University of Technology",21,"2016-12-6"
"The Wilderness Society",12,"2017-6-12"
"FTC WEB Maps",8,"2016-12-6"
"City of Salem, Oregon",47,"2017-8-16"
"Arkansas Oil and Gas Commission",1,"2016-12-6"
"Esri Denver Regional Office",23,"2016-12-6"
"City of Lakewood, Colorado",1,"2015-4-23"
"Smith College Spatial Analysis Lab",55,"2015-11-20"
" Město Litoměřice",19,"2016-12-6"
"Agriculture and Agri-Food Canada",2,"2016-12-6"
"ΓαιαΟΣΕ Α.Ε.",10,"2017-1-30"
"Gemeente Hengelo",3,"2016-12-6"
"California OSHPD",41,"2016-12-6"
"GIS Limburg",3,"2016-12-6"
"Hochsauerlandkreis",16,"2016-12-6"
"Roads and Transport Authority - Dubai",12,"2016-12-6"
"Melbourne Water Corporation",10,"2017-8-2"
"Patrimonial Documentation",20,"2017-2-3"
"City of Vernon",22,"2016-12-6"
"County of San Diego Health and Human Services Agency",31,"2016-12-6"
"City of Tigard, Oregon",76,"2017-8-10"
"Westchester County GIS",4,"2017-7-3"
"City of Rockwall, TX Maps",8,"2016-12-6"
"California Board of Equalization",8,"2016-12-6"
"Esri Ireland",8,"2017-7-20"
"UCLA GIS",6,"2016-12-6"
"GEOSIS",50,"2017-2-21"
"San Diego Workforce Partnership",16,"2016-12-6"
"Costello, Inc.",1,"2016-12-6"
"Los Angeles County Fire",1,"2016-12-6"
"Smithsonian Institution",6,"2016-12-6"
"California Polytechnic State University",3,"2017-3-15"
"University of Berne",2,"2016-12-6"
"Nice Côte d'Azur",9,"2016-12-6"
"Charles University in Prague",44,"2016-12-6"
"Maricopa County Enterprise GIS",1,"2017-3-16"
"MapAuburn",10,"2017-2-23"
"Texas Comptroller of Public Accounts",6,"2016-12-6"
"Augusta GA IT-GIS",2,"2016-12-6"
"あずまっぷ　- Visualize your Town -",10,"2017-6-8"
"PSPC Geomatics / SPAC Géomatique",1,"2016-11-29"
"City of Westminster, Colorado",22,"2017-3-8"
"ESRIジャパン大阪",5,"2016-12-6"
"Portail cartographique NAOMIS",2,"2016-12-6"
"ArcGIS Maps for the Nation",3,"2017-6-15"
"Maui County",2,"2017-5-2"
"Esri Sénégal",8,"2017-8-3"
"Grupo de Tecnología de Esri Colombia",6,"2017-5-4"
"City of Mountain View",63,"2017-7-31"
"Municipality of East Hants",37,"2017-7-13"
"Stanford University",50,"2017-8-11"
"Prince William County, Virginia",75,"2017-7-25"
"St. Johns River Water Management District",211,"2017-7-6"
"Florida State Emergency Response Team",56,"2017-6-9"
"Piedmont Triad Regional Council",4,"2017-7-21"
" City of Commerce City",12,"2017-6-9"
"San Juan County GIS",61,"2017-6-9"
"City of Laredo",14,"2017-7-25"
"Oakland County, Michigan",121,"2017-8-10"
"City of Detroit",28,"2017-6-12"
"Downtown Detroit Partnership",7,"2017-8-16"
"Santa Rosa County, Florida - GIS SERVICES AND APPS",13,"2017-7-13"
"The City of Barrie",65,"2017-6-15"
"Stafford County, Virginia",30,"2017-8-17"
"Alachua County Department of Growth Management",34,"2017-7-3"
"Rotorua Lakes Council",37,"2017-7-27"
"Instituto Nacional de Estatistica",2,"2017-6-8"
"City of South Bend",66,"2017-7-31"
"Lake County Maps & Apps",102,"2017-6-27"
"East Baton Rouge GIS Map Portal",136,"2017-8-9"
" Communauté d’agglomération Caux vallée de Seine",32,"2017-8-9"
"Auckland Council",101,"2017-6-21"
"SERVIR-Mekong",8,"2017-6-13"
"Napier City Council",7,"2017-6-13"
"Madison County Fiscal Court IT",14,"2017-6-14"
"Toronto Police Service",47,"2017-7-27"
"Brevard County, Board of County Commissioners",32,"2017-7-13"
"Geoplus",10,"2017-7-12"
"Suriname Online",4,"2017-6-13"
"Système d'Information du Territoire à Genève",439,"2017-8-16"
"World Wide Fund for Nature",43,"2017-8-10"
"IDELUX-AIVE",13,"2017-6-15"
"City of Durango",2,"2017-6-14"
"County of Nevada, California",19,"2017-6-14"
"Mapatón Oviedo",5,"2017-6-15"
"INSTITUTO NACIONAL DE ESTADÍSTICA Y CENSOS",2,"2017-6-15"
"Sellman GIS Portal",24,"2017-7-28"
"Galway County Council",49,"2017-6-15"
"Maa-amet",13,"2017-8-1"
"City of Gahanna",6,"2017-6-22"
"Rochester, NY Police Department",107,"2017-8-4"
"CNMC - Portal geográfico",2,"2017-1-28"
"City of Riverside, CA",8,"2017-6-22"
"室蘭市",35,"2017-7-30"
"流山市みどりの課",22,"2017-6-21"
"la plateforme SIG Web Grand Public",4,"2017-6-21"
"                      VILLE DE MENTON",1,"2017-6-20"
"Columbia County Land Information Department Portal",49,"2017-8-16"
"Loudoun GIS",40,"2017-8-9"
"Deschutes County",80,"2017-7-11"
"Westpower Ltd",5,"2017-6-25"
"Yolo County",14,"2017-6-26"
"Stirling Council",12,"2017-6-26"
"Loch Lomond & The Trossachs National Park Authority",1,"2017-6-26"
"Dufferin County",38,"2017-8-2"
"Esri China (Hong Kong) Ltd.",129,"2017-8-17"
"Wayne County",9,"2017-7-17"
"Gmina Wrocław",1,"2016-8-10"
"Ringkøbing Skjern Kommune   ***ArcGIS Online ***",14,"2017-7-3"
"ArcGIS Hub",6,"2017-7-3"
"Esri France",214,"2017-8-2"
"          Atos IT Dienstleistung und Beratung",1,"2017-7-4"
"Calgary Regional Partnership",177,"2017-8-16"
"Jonas Rugys Personal AGOL",11,"2017-7-4"
"UNDS-ODS INEGI México",44,"2017-7-11"
"City of Fargo, ND",32,"2017-7-11"
"City of Burlington",46,"2017-7-19"
"King County",103,"2017-8-1"
"Fairfax County GIS",161,"2017-8-12"
"Canal & River Trust",20,"2017-8-1"
"Waterschap Rijn en IJssel",6,"2017-7-6"
"Ohio Department of Natural Resources",1,"2017-7-6"
"County of Los Angeles",41,"2017-8-7"
"Cambridge, Ontario",21,"2017-6-20"
"City of Waterloo",45,"2017-6-20"
"City of Kitchener",84,"2017-8-17"
"Ministère de l’Environnement et Développement Durable",69,"2017-7-20"
"Arlington County, VA - GIS Mapping Center",59,"2017-6-20"
"   Ville d'Annecy",1,"2017-6-20"
"Forsvar og Beredskab",10,"2016-12-6"
"Collier County",36,"2017-6-20"
"INSTITUTO NACIONAL DE VIAS",4,"2017-6-20"
"US Census Bureau - Evaluation Version",30,"2017-6-15"
"Galway City Council",25,"2017-6-15"
"Long Beach City College",3,"2017-6-15"
"City of Fremont GIS",13,"2017-6-26"
"世田谷区",35,"2017-6-28"
"神戸市",21,"2015-12-27"
"University of Tennessee",26,"2017-6-28"
"GOBERNACIÓN DE CUNDINAMARCA",177,"2017-8-16"
"State of Tennessee STS GIS",20,"2017-6-28"
"University of Florida",16,"2017-6-28"
"Northern Virginia Regional Commission ",9,"2017-6-28"
"MapAction",19,"2017-6-28"
"Ontario Ministry of the Environment and Climate Change",29,"2017-6-28"
"Esri Transportation Practice",91,"2017-7-31"
"Ontario Region",76,"2017-6-28"
"City of Toronto - GCC ",84,"2017-8-17"
"City of Centennial, Colorado",48,"2017-8-11"
"esri state government team, mid-atlantic",6,"2017-4-17"
"Isle of Man Government",5,"2017-6-28"
"City of San Leandro",5,"2017-8-1"
"Ordnance Survey Ireland",436,"2017-8-16"
"Mi Ciudad",15,"2017-6-28"
"Corporación Autónoma Regional de Cundinamarca - CAR",810,"2017-7-19"
"Shropshire Council",10,"2017-6-28"
"City of Fredericton",37,"2017-8-8"
"TN Dept of Environment and Conservation",7,"2017-7-5"
"Dauphin County, PA",12,"2017-8-10"
"Municipal Solutions",258,"2017-8-9"
"Jefferson County GIS",24,"2017-8-11"
"Bay of Plenty Regional Council",70,"2017-8-10"
"City of Manhattan Beach",8,"2017-6-29"
"Greater Wellington Regional Council",25,"2017-7-2"
"Helsingborgs stad",43,"2017-6-30"
"Grand Port Maritime de Rouen",1,"2017-6-30"
"City of Yakima, Washington",42,"2017-6-30"
"Federal Communications Commission ",7,"2017-8-11"
"Sullivan County GIS Online Geoportal",39,"2017-8-15"
"City of Moorhead",29,"2017-6-29"
"St. Johns County Public Works",27,"2017-7-9"
"City of Cambridge, MD-GIS",1,"2017-6-29"
"Comal County",8,"2017-6-29"
"City of Denton GIS Technology Services",61,"2017-6-16"
"City of Vancouver",1,"2017-3-22"
"State of Maine",49,"2017-8-7"
"Bovendams",2,"2017-7-2"
"Digital Humanitarian Network",2,"2016-12-6"
"Municipal Demarcation Board",11,"2017-6-15"
"gemeente Eindhoven",18,"2017-6-19"
"Syracuse University",8,"2017-6-19"
"SIBAJ",10,"2017-6-19"
"City of New York, Department of Sanitation",9,"2017-6-16"
"Esri South Africa",5,"2017-6-16"
"Esri Nederland BV",54,"2017-8-16"
"Esri Nederland Content",58,"2017-8-15"
"City of Fayetteville",17,"2017-6-16"
"Cumberland County, NC",17,"2017-8-15"
"Municipio El retiro",8,"2017-6-20"
"Two Rivers-Ottauquechee Regional Commission",18,"2017-6-20"
"Placer County GIS",35,"2017-8-7"
"City of Spokane",62,"2017-6-20"
"Colorado Department of Public Health and Environment",72,"2017-8-10"
"City of Santa Monica",16,"2017-8-15"
"Grey County",8,"2017-6-21"
"City of Beaumont",8,"2017-8-2"
"National Institute of Water and Atmospheric Research",33,"2017-6-27"
"County of San Bernardino",29,"2017-8-7"
"BRANZ",9,"2017-6-22"
"Secretaría de Gestión de Riesgos",4,"2017-7-14"
"Interwest ArcGIS Online",17,"2017-6-23"
"City of Norfolk",28,"2017-6-23"
"ArcGIS Configurable App Templates",2,"2017-6-22"
"Government of Bermuda",1,"2017-6-27"
"University of Minnesota",32,"2017-8-11"
"UN DESA",15,"2017-6-27"
"San Bernardino County Department of Public Works",5,"2017-6-27"
"Spatial Sciences Institute ",426,"2017-6-27"
"Idaho Fish and Game",37,"2017-8-17"
"                                 Ashtabula County Auditor's Office",10,"2017-7-6"
"  City of Kamloops",128,"2017-7-24"
"Southeast Michigan Council of Governments",36,"2017-8-7"
"The University of the West Indies",4,"2017-7-30"
"Champaign County GIS Consortium",14,"2017-7-7"
"OMAFRA",1,"2017-6-28"
"Murfreesboro Maps",4,"2017-7-25"
"Integra Design Group Architects & Engineers",48,"2017-8-9"
"Savannah Area GIS",373,"2017-7-11"
"Michael Baker International",5,"2017-7-11"
"SynerGIS (Esri Distributor in Austria)",38,"2017-7-28"
"GIS i Kommunen",93,"2017-8-11"
"Landbrugs og Fiskerstyrelsen",2,"2017-7-11"
"National Trust",5,"2017-7-11"
"County of Burlington, New Jersey",19,"2017-7-6"
"City of Victorville",10,"2017-8-1"
"Tromsø kommune",10,"2017-7-10"
"Geoporter Costa Rica",2,"2017-7-6"
"Vorarlberger Energienetze GmbH",2,"2017-7-8"
"City of Port St. Lucie",34,"2017-8-16"
"Land Administration External",3,"2017-7-9"
"Mercator Water Utility",13,"2017-7-9"
"                                                          GeoGraphics S.r.l.",9,"2017-7-13"
"Moray Council",10,"2017-8-8"
"Highland Council GIS Organisation",7,"2017-7-12"
"City of Mississauga",132,"2017-8-15"
"Prince George's County",22,"2017-7-12"
"Town of Flower Mound GIS",31,"2017-7-12"
"Online Team",3,"2017-7-23"
"Defra",56,"2017-8-14"
"Floyd County Indiana",6,"2017-7-10"
"Josephine County GIS",4,"2017-7-10"
"Geotecnologías S.A.",18,"2017-7-10"
"MFA-dev-test",9,"2017-7-10"
"Arkansas GIS Office",419,"2017-7-13"
"City of Springdale, Arkansas",22,"2017-7-13"
"City of Conway Planning and Development",18,"2017-8-8"
"Esri Eastern Africa Mapping and Application Portal",105,"2017-7-13"
"Gemeente Enschede",22,"2017-7-13"
"City of Johnson City, TN ",61,"2017-8-15"
"Cybertech Systems & Software",29,"2017-8-16"
"City of York Council",112,"2017-8-17"
"City of Las Vegas",244,"2017-8-9"
"University of Wisconsin Extension",2,"2017-7-13"
"UC Open Data",4,"2017-7-9"
"Dallas Area Habitat for Humanity",1,"2017-3-6"
"City of Universal City Web Mapping Portal",9,"2017-7-14"
"City of Naperville ",73,"2017-7-14"
"ArcGIS para Análisis de Negocio",32,"2017-7-6"
"Entidad",16,"2017-7-14"
"City of Indianapolis and Marion County - IndyGIS",153,"2017-7-14"
"Erie County GIS Advisory Board",8,"2017-8-16"
"Bureau of Reclamation",26,"2017-7-17"
"City of Allentown, PA",55,"2017-7-18"
"City of Centerville",3,"2017-6-14"
"US Section-International Boundary & Water Commission",1,"2017-7-17"
"Teton County Montana",4,"2017-8-14"
"Esri Indonesia",118,"2017-7-17"
"Esri EA Natural Resources",9,"2017-7-17"
"Landkreis Cham",153,"2017-8-4"
"Formación Esri España",48,"2017-7-17"
"Stark County Ohio",49,"2017-8-3"
"University of Idaho",11,"2017-7-19"
"City of New Orleans",79,"2017-8-15"
"Idaho Transportation Department",26,"2017-8-16"
"MassGIS - Office of Geographic Information",137,"2017-8-9"
"Grant County",4,"2017-7-18"
"GeoCAS Institute",74,"2017-7-18"
"Salt Lake County",37,"2017-7-21"
"City of Lakeland, Florida",19,"2017-7-19"
"Instituto Geográfico Agustín Codazzi",118,"2017-7-27"
"North Lanarkshire Council",15,"2017-7-19"
"U.S. Forest Service",152,"2017-8-8"
"Suffolk County GIS",32,"2017-7-20"
"Town of Chapel Hill",19,"2017-7-20"
"City of Ferndale",21,"2017-8-9"
"Resort Municipality of Whistler",3,"2017-7-20"
"    Sarasota County GIS",16,"2017-8-14"
"Metropolitan Area Planning Council",49,"2017-7-28"
"City of Miami",20,"2017-8-1"
"Santa Clara Valley Transportation Authority",6,"2017-7-28"
"行政院農業委員會林務局",4,"2017-7-20"
"校園資訊雲",55,"2017-7-21"
"State of Delaware",210,"2017-7-26"
"NJ Highlands Council",54,"2017-7-21"
"City Innovation Portal",8,"2017-7-24"
"GIS and Data Services Sheridan Libraries",56,"2017-8-10"
"State of Iowa",31,"2017-7-26"
"Legislative Services Agency",13,"2017-7-26"
"GEOPLATFORM.gov",429,"2017-8-3"
"UNIDAD PARA LAS VICTIMAS - UARIV",3,"2017-7-26"
"State Government Development Organization",42,"2017-7-27"
"Mountain Rescue Association",8,"2017-7-27"
"Sacramento Area Council of Governments",55,"2017-8-15"
"Prefeitura do Rio de Janeiro",104,"2017-8-17"
"City of Columbus Maps & Apps",129,"2017-8-11"
"Indiana Geological Survey",15,"2017-7-27"
"Hillsborough County ArcGIS Online Community",19,"2017-8-3"
"St. Bernard Parish",1,"2017-7-26"
"State GIS Online",6,"2017-7-26"
"North Central CMA",13,"2017-7-28"
"GovHack NT",15,"2017-7-28"
"SIGSA",70,"2017-8-15"
"WA State Department of Social and Health Services",14,"2017-8-1"
"Legal Services Corporation",8,"2017-8-1"
"City of Chesapeake, VA",40,"2017-8-2"
"City of Lewisville, Texas",256,"2017-8-17"
"Te Puni Kōkiri",7,"2017-8-3"
"Kymenlaakson Liitto",31,"2017-8-2"
"Gemeente Zwolle",49,"2017-8-16"
"      Virginia Dept. of Mines, Minerals and Energy",6,"2016-12-6"
"U.S. Department of Housing and Urban Development",77,"2017-8-16"
"US NSDI",653,"2017-8-16"
"Virginia Department of Transportation",18,"2017-8-4"
"Georgia Association of Regional Commissions",231,"2017-8-2"
"City of Prince George Maps (PGMap)",92,"2017-8-3"
"Smart Communities",41,"2017-8-1"
"Johnson County AIMS",125,"2017-8-1"
"Gemeente Arnhem",198,"2017-8-17"
"Comune di Rimini - U.O. SIT - Toponomastica",30,"2017-8-1"
"City of Mesa Enterprise GIS Portal",32,"2017-8-1"
"Esri UK's Local Government Portal",10,"2017-8-14"
"SIGGIS",2,"2015-5-3"
"Virginia GIS Clearinghouse",100,"2017-8-15"
"Ministrstvo za kulturo (INDOK)",5,"2016-9-27"
"Fulton County, Georgia - GIS",81,"2017-7-25"
"City of Dunwoody",20,"2017-7-31"
"Esri中国",10,"2017-7-25"
"City of Sandy Springs",12,"2017-7-25"
"San Antonio River Authority",93,"2017-7-25"
"Maps of Decatur, GA",13,"2017-7-25"
"City of Tucker, GA",5,"2016-12-2"
"North Central Texas Council of Governments",55,"2017-8-11"
"Northern Water",6,"2017-7-27"
"Carver County, Minnesota",61,"2017-7-27"
"Valley Metro",10,"2017-7-27"
"City of Tempe",33,"2017-8-10"
"City of Phoenix",65,"2017-7-27"
"City of Los Angeles Hub",566,"2017-8-16"
"Boulder County",98,"2017-7-27"
"City of Kent, Washington",2,"2017-5-1"
"City of Oakland GIS",12,"2017-7-28"
"Matanuska-Susitna Borough",39,"2017-8-10"
"City of Sacramento",67,"2017-8-16"
"Bergen County Department of Health Services",1,"2017-7-28"
"Agencia de Regulación y Control del Agua",5,"2017-7-31"
"City of Syracuse",11,"2017-8-1"
"VTrans",49,"2017-8-8"
"City of Gold Coast",92,"2017-7-31"
"Esri Canada - National Capital Region",85,"2017-7-31"
"VicRoads",51,"2017-7-30"
"  Conseil départemental de l'Aisne",1,"2017-7-18"
"Horry County GIS",6,"2017-8-8"
"United Nations World Food Programme",16,"2017-7-18"
"Argyll and Bute Council",30,"2017-7-18"
"Orange County Government GIS",4,"2017-7-18"
"Agentura ochrany přírody a krajiny České republiky",4,"2017-7-20"
"vic-lau.hk",2,"2017-7-20"
"Vivacity.Platform",1,"2017-7-19"
"Rogue Valley Council of Governments",9,"2017-7-20"
"West Florida Regional Planning Council",5,"2017-7-25"
"USF CVAST",1,"2017-7-20"
"Tennessee Department of Transportation",2,"2017-7-20"
"Pope County",12,"2017-3-27"
"Wisconsin State Legislature",25,"2017-8-11"
"City of Darwin",25,"2017-7-25"
"Location Analytics",1,"2017-7-23"
"Florida Fish and Wildlife Conservation Commission",210,"2017-8-9"
"City of Greensboro",4,"2016-10-18"
"Junta de Comunidades de Castilla-La Mancha",27,"2017-7-24"
"City of Battle Creek",1,"2017-8-3"
"City of/Ville de Miramichi",9,"2017-8-14"
"Wisconsin Department of Natural Resources",115,"2017-8-16"
"Saint Louis County GIS Service Center",47,"2017-8-8"
"New Hanover County, NC",20,"2017-8-3"
"MCTX Geocore",45,"2017-8-4"
"City of Garland, ArcGIS Online",7,"2017-8-4"
"EPA GeoPlatform Online",33,"2017-8-4"
"UPlan Map Center",97,"2017-8-16"
"Travis County, Transportation and Natural Resources",10,"2017-8-17"
"Renville County",5,"2017-8-11"
"Arizona Trail Association",2,"2017-8-4"
"San Bernardino County Superintendent of Schools",21,"2017-8-14"
"Office for National Statistics",682,"2017-8-17"
"Wisconsin Emergency Management",2,"2017-7-31"
"Ministry of Advanced Education and Skills Development",18,"2017-7-31"
"County of Alpine",7,"2017-7-31"
"Travis County Tax Office",2,"2016-10-5"
"U.S. Department of Transportation",146,"2017-8-11"
"Association of Washington Cities",11,"2017-7-31"
"Federal Aviation Administration - AIS",28,"2017-8-17"
"City of Anaheim",31,"2017-8-17"
"Vermont Agency of Natural Resources",97,"2017-8-3"
"Esri UK Government Portal",12,"2017-4-12"
"North Ayrshire Council",33,"2017-8-10"
"Geodev",1,"2017-8-3"
"Utah Automated Geographic Reference Center (AGRC)",16,"2017-8-4"
"Paul Doherty GIS",2,"2016-12-19"
"City of Fort Collins",5,"2017-7-3"
"Gemeente Assen",91,"2017-8-8"
"Johnson County",2,"2017-8-7"
"Devon County Council",36,"2017-8-7"
"Pierce County, Washington",144,"2017-8-17"
"Hawaii Statewide GIS Program",799,"2017-8-16"
"Greenpeace",10,"2017-8-11"
"City of Springfield, Missouri",35,"2017-8-11"
"Moreton Bay Regional Council",108,"2017-8-16"
"City of Arlington, TX",31,"2017-8-11"
"Highlands County Board of County Commissioners",4,"2017-8-11"
"City of Brampton",286,"2017-8-11"
"Halifax Regional Municipality",38,"2017-8-13"
"Chester County, PA",57,"2017-8-14"
"    Sustainable Development Goals, Ireland",29,"2017-8-17"
"Gisborne District Council",1,"2017-8-10"
"Florida Department of Transportation",54,"2017-8-17"
"GEO MUPA",40,"2017-8-12"
"York County, SC - GIS Online",6,"2017-8-11"
"Vermont Land Trust",4,"2017-8-11"
"Case Western Reserve University",8,"2017-8-11"
"Esri Canada Services",2,"2017-8-11"
"City of San Antonio",22,"2017-8-13"
"Texas Department of Transportation",55,"2017-8-14"
"Texas A&M University",12,"2017-8-14"
"PennShare",42,"2017-8-16"
"Douglas County MN Survey & GIS",13,"2017-8-14"
"City of Madison Map Data",118,"2017-8-17"
"BaneGIS Portal",31,"2017-8-15"
"New Brunswick Hub",73,"2017-8-4"
"Racine County, WI",135,"2017-8-16"
"Caltrans",18,"2017-8-15"
"City of Marietta, GA",18,"2017-8-15"
"City of Bismarck, ND",89,"2017-8-17"
"Jefferson County, Washington",18,"2017-8-15"
"The Regional Municipality of York",5,"2017-8-15"
"City of Longview, Texas",30,"2017-8-15"
"Damian's Organization",14,"2017-8-15"
"City of Richardson, Texas",33,"2017-8-15"
"Pickens County, SC Gov - GIS Mapping Dept",8,"2017-8-17"
"Esri Water",34,"2017-8-15"
"City of Seattle GIS Program",23,"2017-8-18"
"Cape Coral GIS",51,"2017-8-16"
"City of Moncton / Ville de Moncton",40,"2017-8-16"
"Gemeente Geostede",4,"2017-8-16"
"New Mexico Office of the State Engineer",11,"2017-8-16"
"Kern County",13,"2017-8-8"
"Instituto Nacional de Gestão do Território",958,"2017-8-8"
"Illinois Department of Public Health",9,"2017-8-8"
"Illinois Department of Transportation",72,"2017-8-8"
"Gables GIS",44,"2017-8-8"
"Southeast Alaska GIS Library",64,"2017-8-7"
"Philippine Statistics Authority",9,"2017-8-9"
"Nevada Bureau of Mines and Geology",25,"2017-8-8"
"GreenInfo Network",4,"2017-8-7"
"Open Data in Rural BC",7,"2017-8-8"
"Esri Thailand",1,"2017-8-9"
"Esri Australia ArcGIS Online Site",7,"2017-8-9"
"Tarrant County Geographic Information Portal",15,"2017-8-16"
"Geodata AS",6,"2017-8-15"
"Oil and Gas Authority",418,"2017-8-15"
"Main Roads Western Australia",320,"2017-8-16"
"Solutions Department",1,"2016-6-14"
"Unidad Nacional de Protección",2,"2017-8-10"
"Tahoe Regional Planning Agency",80,"2017-8-16"
"Town of Sidney",7,"2017-8-11"
"City of Charlottesville",64,"2017-8-17"
"Digitaler Kartenschrank der Kreisverwaltung Steinfurt",2,"2017-8-15"
"City of High Point, North Carolina, USA",14,"2017-8-16"
"University of Virginia",165,"2017-8-17"
"City of Yucaipa",50,"2017-8-16"
"Miami-Dade County, Florida",226,"2017-8-16"
"City of Newberry GIS",3,"2017-8-16"
"Sevenoaks District Council",1,"2017-8-16"
"Montana Fish, Wildlife & Parks",110,"2017-8-16"
"Florida Department of Environmental Protection",234,"2017-8-17"
"Louisville/Jefferson County Information Consortium",96,"2017-8-16"
"KyGovMaps",17,"2017-8-16"
"WILKES COUNTY GIS",22,"2017-8-16"
"Regional Municipality of Durham",20,"2017-8-16"
"City of Oshawa",16,"2017-8-16"
"City of Henderson, Nevada",27,"2017-8-16"
"Ville de Shawinigan",1,"2016-8-5"
"City of X Hub",9,"2017-8-17"
"Sunnyshire",53,"2017-8-17"
"PCM - Dipartimento della protezione civile",12,"2017-8-17"
"Sarpy County, Nebraska",2,"2017-8-17"
"Tanzania National Bureau of Statistics",5,"2017-8-17"
"Spokane County, Washington",11,"2017-8-17"
"Smart City Online",5,"2017-8-17"
"City of McKinney",61,"2017-8-16"
"Roscommon County Council",70,"2017-8-17"
"City of Glendale, Arizona",24,"2017-8-17"
"National Center for Education Statistics",4,"2017-3-15"
"Baltimore County Web Map Portal",81,"2017-8-17"
"U.S. Army Corps of Engineers",11,"2017-8-17"
"University of New Hampshire",6,"2017-8-17"
"Esri UK Technical Research",11,"2017-7-28"
"Earth Data Analysis Center",44,"2017-8-17"
"Watercare Services Limited",24,"2017-8-17"
"Wyoming Game and Fish Department",54,"2017-8-17"
"University of Wyoming",12,"2017-8-17"
"Wyoming - OSL&I - WSFD - WGFD - WDEQ",1,"2017-8-17"
"City of Atlanta - Department of City Planning GIS",49,"2017-8-17"
"Product Management Team Portal",3,"2017-4-6"
"The City of Alpharetta",4,"2017-8-10"
"Rancho Cucamonga Enterprise GIS",8,"2017-3-21"
"Kharkiv",1,"2017-4-4"
"Ministry for Primary Industries",2,"2017-3-16"
"Esri Deutschland Training",2,"2017-3-13"
"IP SYSCON GmbH",2,"2017-6-27"
"My Personal Training Site",1,"2017-3-15"
"Ryans Test AGOL",3,"2016-12-6"
"Paikkatietopalvelut",11,"2016-12-6"
"World Resources Institute",1,"2017-1-27"
"Département de l'Eure",8,"2016-12-6"
"Cincinnati Wastewater/Stormwater",3,"2016-12-6"
"Solución Catastral GADs",15,"2016-12-6"
"Carbon County Montana",8,"2016-12-9"
"Village of Mamaroneck",5,"2016-12-6"
"InstantAtlas",1,"2014-8-18"
"Service Birmingham",1,"2016-12-6"
"GEOFIT, donnons du pouvoir à vos données",7,"2016-12-6"
"TIMS",8,"2016-12-6"
"Northern Shenandoah Valley Regional Commission",2,"2016-12-6"
"Westminster City Council",2,"2016-12-16"
"〇〇市G空間情報ポータル",6,"2016-12-27"
"Kent County Council",14,"2017-7-13"
"Institut de Recherche pour le Développement",3,"2016-12-6"
"Evansville/Vanderburgh County GIS",10,"2017-4-5"
"ArcGIS 体験セミナー",7,"2016-12-6"
"UNGRD",2,"2016-12-6"
"AidData Center for Development Policy",2,"2017-6-15"
"State of Oklahoma OMES-Capital Assets Management",1,"2017-1-26"
"DGTAT, AMD",3,"2017-2-1"
"Sistema de Información Geoespacial del ELA",8,"2017-3-29"
"  SLL/TRF",2,"2017-2-22"
"Hawaiian Short-eared Owl Research Group",3,"2017-2-22"
"Powel Danmarks kortportal",3,"2017-2-14"
"Carlton County, MN",3,"2017-2-17"
"arcOpole Builder / Tests",1,"2017-3-15"
"City of West Palm Beach",8,"2017-4-14"
"Gestion Portuaria",3,"2017-1-18"
"Douglas County GIS",41,"2017-8-10"
"Water Institute @ USF",8,"2016-12-16"
"WDC",2,"2017-2-14"
"Regional Planning Commission of Greater Birmingham",6,"2017-4-3"
"City of Upper Arlington, Ohio",1,"2016-11-15"
"Országos Vízügyi Főigazgatóság",8,"2017-2-24"
"Town of Atherton",2,"2017-3-1"
"MAP Norfolk",5,"2016-12-6"
"RLSmith Home",4,"2016-12-6"
"Geosystems Gobierno",2,"2016-12-6"
"GEO Jobe GIS Consulting",8,"2017-7-11"
"City of Evans, Colorado",2,"2016-12-8"
"Cổng thông tin dữ liệu dùng chung ESRI Việt Nam",6,"2017-4-3"
"AL Dept of Conservation and Natural Resources",1,"2016-12-14"
"Texas General Land Office",3,"2017-3-8"
"Imperial Irrigation District",6,"2016-12-7"
"ACRES Land Trust",5,"2017-2-24"
"circaculture",2,"2017-3-16"
"BEXAR METRO 9-1-1 NETWORK DISTRICT",2,"2016-12-15"
"Victor Valley Transit Authority",1,"2016-12-6"
"City of Huntington Beach",3,"2016-11-22"
"Nashua Regional Planning Commission",5,"2016-12-6"
"SIG NET",1,"2016-12-6"
"Municipio de Guarne",8,"2016-12-6"
"NatureWest",1,"2016-12-6"
"State Emergency Management Agencies",1,"2016-12-6"
"The Mock Case Org",1,"2016-12-6"
"INCOG",2,"2017-3-7"
"Esri Sverige Support",1,"2016-12-6"
"Terra Mapping The Globe",4,"2016-12-6"
"National Audubon Society",9,"2016-12-6"
"Columbia University",1,"2016-12-6"
"Seqwater",1,"2016-12-6"
"CONCELLO DE SANTIAGO DE COMPOSTELA",1,"2016-12-6"
"Ducks Unlimited, Inc.",2,"2016-12-6"
"Clayton County GIS",13,"2016-12-6"
"Stadt Burgwedel",1,"2016-12-6"
"Archbold Biological Station",1,"2016-12-6"
"Communauté d'Agglomération Bourges Plus",6,"2016-12-6"
"Hochschule Mainz, i3mainz",1,"2016-12-6"
"Brøndby Kommune",3,"2016-5-26"
"Town Of York",1,"2016-12-6"
"Esri Community Development",1,"2016-12-6"
"ArcGIS for Flood IOC",2,"2016-12-6"
"Portal Demo",1,"2016-12-6"
"City of Middletown - GIS",2,"2016-12-6"
"Ingenieurbüro Peter Müller GmbH",4,"2016-12-6"
"North Line GIS",2,"2016-12-6"
"Département de la Vendée",1,"2016-12-6"
"HZG",1,"2017-3-27"
"Statens veterinärmedicinska anstalt",2,"2017-2-24"
"文化資產地理資訊系統",3,"2016-12-6"
"City of Asheville",4,"2017-7-20"
"West Jordan",1,"2016-12-6"
"Entrenamiento",1,"2016-12-6"
"City and Borough of Wrangell",3,"2017-3-10"
"Town of High River",3,"2016-12-6"
"WI Department of Administration",1,"2015-12-10"
"Globo",2,"2016-12-6"
"New Zealand Walking Access Commission",1,"2016-12-6"
"WorldView Solutions Inc",2,"2016-12-6"
"Emergency Services Telecommunications Authority",1,"2016-12-6"
"Kustbevakningen",4,"2016-12-6"
"Graphtech / Esri Tunisia",3,"2016-12-6"
"City of Walla Walla GIS Online",4,"2016-12-6"
"Brown County Wisconsin",4,"2017-8-1"
"St Louis County Emergency Management",9,"2016-12-6"
"Tel Aviv University Botanical Garden",5,"2016-12-6"
"Wildlands School",17,"2016-12-6"
"Landeshauptstadt Kiel",1,"2016-12-6"
"Tecnología Geoespacial",11,"2016-12-6"
"University of Minnesota Enterprise GIS",7,"2016-12-6"
"Comunidad de Madrid",1,"2016-12-6"
"Atlas Nacional de Riesgos",2,"2016-12-6"
"Esri Sverige",21,"2017-3-17"
"Principado de Asturias",2,"2016-12-6"
"Toronto Catholic District School Board",7,"2017-2-14"
"Belize General Elections 2015",1,"2016-12-6"
"Calumet High School",2,"2016-12-6"
"Portal de Aplicaciones SIGTE",1,"2017-4-20"
"Digital Heritage and Humanities Collections",5,"2017-4-25"
"Basingstoke and Deane Borough Council",2,"2017-8-15"
"Ringo Maps",1,"2017-3-19"
"City of Lansing, MI",3,"2017-4-10"
"Scottish Government",5,"2017-4-12"
"Conseil départemental de Haute-Marne",1,"2017-4-18"
"Transport Infrastructure Ireland (TII)",1,"2017-4-18"
"North Country Trail",5,"2017-6-16"
"Katedra geoinformatiky Univerzita Palackého v Olomouci",1,"2013-11-14"
"Department of Housing and Urban Development",5,"2017-7-12"
"Soporta Limitada",2,"2017-5-11"
"City of Santa Fe",2,"2017-5-11"
"saintdenis",1,"2017-6-14"
"Southern California Association of Governments",6,"2017-6-14"
"Southern Group of State Foresters",5,"2017-6-16"
"Tennessee Dept of Agriculture - Division of Forestry",3,"2017-5-17"
"City of Hattiesburg",2,"2017-6-21"
"Gemeente Zoetermeer",1,"2017-6-23"
"Rock County Land Information Office",5,"2017-6-23"
"Waterschap Vechtstromen",3,"2016-12-20"
"Esri Resilience and Sustainability",1,"2017-5-25"
"Virginia Outdoors Foundation",4,"2017-7-24"
"教育GISポータル | ESRIジャパン株式会社",4,"2017-5-22"
"Esri Romania Open Data",2,"2017-5-31"
"Zona Metropolitana Oradea",5,"2017-5-31"
"Nantes Métropole",4,"2017-6-2"
"City of Cocoa Beach",3,"2017-6-28"
"City of South San Francisco",5,"2017-6-27"
"INE São Tomé e Príncipe",4,"2017-6-3"
"Hubbard County, Minnesota",6,"2017-8-8"
"Suwannee River Water Management District",6,"2017-6-19"
"ECOWAS Regional Geospatial Portal",5,"2017-6-13"
"ARCDATA PRAHA - školení",1,"2017-6-12"
"Géoportail  du Pays Voironnais",1,"2016-9-26"
"Esri Rwanda Ltd.",9,"2017-6-9"
"Portail collaboratif du PUDC",3,"2017-8-8"
"City of Kerrville",3,"2014-7-18"
"Ohio Environmental Protection Agency",12,"2017-8-9"
"Environment Agency",1,"2017-6-29"
"סיסטמטיקס",3,"2017-7-11"
"Esri Australia Local Government",4,"2017-7-30"
"Brock University",1,"2017-5-16"
"AquAeTer, Inc.",1,"2017-7-13"
"Gedling Borough Council",2,"2017-7-6"
"Parc naturel régional des Vosges du Nord",1,"2017-7-4"
"Northwestern Water & Sewer District",8,"2017-7-13"
"West Basin Municipal Water District",3,"2017-7-13"
"Public Sector",5,"2017-7-27"
"Companhia de Pesquisa de Recursos Minerais",7,"2017-7-27"
"Centro de Recaudación de Ingresos Municipales",2,"2017-7-26"
"HNIT-BALTIC UAB ArcGIS Online demo paskyra",5,"2017-7-27"
"EWB Detroit",1,"2017-6-19"
"CÔNG TY TNHH MTV CAO SU ĐĂK LĂK",3,"2017-7-29"
"Summit County Colorado",5,"2017-8-1"
"Columbia Univ. in the City",1,"2017-7-21"
"Conservation Ontario",2,"2017-8-3"
"OC Public Works",15,"2017-8-9"
"City of Chamblee, Georgia",4,"2017-8-9"
"Walton County Geographical Information Systems (GIS)",6,"2017-5-31"
"San Benito County",49,"2017-8-9"
"Riley County - IT/GIS",2,"2017-8-9"
"Pioneer Valley Planning Commission",21,"2017-7-31"
"Cass County, North Dakota",10,"2017-8-11"
"Town of Fuquay-Varina",26,"2017-8-7"
"Wilkin County",7,"2017-8-7"
"GeoConnection",40,"2017-8-10"
"Consejo de Monumentos Nacionales",2,"2017-8-4"
"Municipio de Medellín",5,"2017-8-8"
"Bay of Plenty Lifelines Group",14,"2017-8-9"
"Whakatane District Council",10,"2017-8-9"
"Esri Sveriges kommunportal",1,"2017-6-14"
"Tunbridge Wells Borough Council",4,"2017-4-11"
"Concello de Vigo",1,"2017-8-10"
"IPC Administración Local",4,"2017-8-10"
"Perth Open Data",1,"2017-8-10"
"Michigan Department of Natural Resources",63,"2017-8-10"
"  Walworth County",2,"2017-8-11"
"University of South Carolina- Dept. of Geography",1,"2016-6-9"
"Office of the Government CIO",4,"2017-8-14"
"Cobb County, Georgia",3,"2016-9-29"
"Shift Research Lab",3,"2017-8-17"
"Saint Paul GIS ",1,"2017-7-18"
"     Hamilton County, Indiana",3,"2017-8-17"
"Hampton Roads Planning District Commission ",2,"2017-8-17"
"training_temp",1,"2017-8-17"
"East Dunbartonshire Council",2,"2016-2-23"
"郵便地図情報ポータル（Demo）",1,"2016-1-27"
"Louisville Metro Department of Public Works",6,"2016-12-6"
"Quản lí Môi Trường",2,"2016-12-6"
"Belmont GIS Mapping Portal",10,"2016-12-6"
"Universidad Técnica Nacional",4,"2016-12-6"
"Geodata Systems Technologies, Inc.",6,"2017-6-28"
"Správa Krkonošského národního parku",1,"2016-12-6"
"Department of the Environment",3,"2016-12-6"
"City of Bellevue",1,"2016-12-6"
"Pinal County Maps and Apps",1,"2016-12-6"
"ArcGIS For Forestry",2,"2017-2-24"
"Department Of Veterans Affairs",2,"2016-10-19"
"Morris County GIS, New Jersey, USA",2,"2017-2-6"
"City of Bradford MDC",2,"2016-10-13"
"ARCDATA PRAHA SUPPORT",3,"2017-4-5"
"Highways England Online Mapping",2,"2016-12-21"
"No Kid Hungry",1,"2017-3-28"
"BC Oil and Gas Commission",1,"2016-6-20"
"Madison County Council of Governments",4,"2016-12-29"
"Bristol City Council",1,"2017-3-9"
"Atlas Digital de Puerto Rico",1,"2017-2-24"
"Syndicat Mixte Canche et Affluents",3,"2017-7-12"
"第三屆  全國大專院校暨高中職 StoryMap 校園競賽",3,"2016-12-6"
"Calvin College",1,"2016-12-6"
"Applied Methods Inc",2,"2016-12-6"
"City of Greenwood, IN",4,"2016-12-6"
"Mississippi Emergency Management Agency",4,"2016-12-6"
"Géoportail du Syndicat de l'Orge",2,"2016-12-6"
"MBC ingéo SA",6,"2016-12-6"
"GIS for Schools in Switzerland",3,"2017-1-3"
"ESRI Bulgaria",6,"2016-12-6"
"Kurikan kaupunki",7,"2017-2-21"
"GeoPlatform for Global Development ",9,"2016-12-6"
"Esri South Africa Professional Services",4,"2015-7-8"
"ГАУ АО "Управление ИКТ АО"",5,"2016-12-6"
"Kerry County Council",11,"2015-6-19"
"Wyoming State Engineer's Office",6,"2016-12-6"
"Universitat Autònoma de Barcelona",2,"2017-4-21"
"California State Parks",1,"2016-8-4"
"GeoAdaptive, LLC",1,"2017-4-25"
"Arizona State University GIS",2,"2017-4-26"
"Victorian Planning Authority",5,"2017-4-27"
"Osceola County Property Appraiser",2,"2016-6-22"
"City of Naperville",3,"2017-8-15"
"Telecomunicaciones La Paz",6,"2016-12-6"
"Andrew Zolnai",4,"2017-2-8"
"Cuyahoga County Board of Health",3,"2017-5-11"
"VHB Maps Online",2,"2017-5-15"
"Township of Langley",5,"2017-8-17"
"MSA Professional Services",1,"2017-5-24"
"Jönköpings kommun",2,"2016-9-15"
"GeoInfor",5,"2017-6-14"
"WWF Kenya",3,"2017-6-14"
"Центр дистанционного зондирования и ГИС «ТЕРРА»",1,"2017-6-15"
" Sacramento County GIS",8,"2017-8-16"
"Ski kommune",2,"2017-6-12"
"Aeroterra",5,"2017-6-16"
"Shelby County 911",3,"2017-8-11"
"Halifax Water",3,"2017-8-14"
"Horry County Schools Transportation",2,"2017-7-25"
"SC Department of Health and Environmental Control",2,"2016-11-18"
"City of Redwood City",1,"2017-7-24"
"Mono County & Mammoth Lakes, CA",1,"2017-7-19"
"Debby_test",1,"2017-7-19"
"Urban Systems Ltd.",2,"2017-7-21"
"California Health and Human Services Agency",1,"2017-4-25"
"City of Sylvania",2,"2017-6-9"
"Compassion Games",1,"2017-5-19"
"Esri Canada Pacific Region",1,"2017-7-11"
"Conway, South Carolina",11,"2017-7-13"
"Providence Water",3,"2017-7-12"
"Broward County GIS",3,"2017-7-14"
"City of Topeka",1,"2017-7-12"
"University of California, Riverside",1,"2017-7-13"
"Knowledge Center Enterprise LLC",1,"2015-12-11"
"Enterprise Team Hub",4,"2017-6-26"
"Ada County Highway District",1,"2017-7-18"
"Geographic Information of ... St. Clair County, AL.",1,"2016-12-6"
"AIG Panamá",1,"2016-12-6"
"CVAGEO",4,"2016-12-6"
"GeoDesk Wageningen University & Research",1,"2016-12-6"
"Ge ORG raphy !!!",1,"2016-12-6"
"Gemeente Goirle",6,"2016-12-6"
"Web GIS Platform",1,"2017-8-1"
"Gilbert, Arizona",8,"2017-6-29"
"Esri Deutschland Public NUR",1,"2017-8-17"
"Arizona Department of Emergency and Military Affairs",1,"2017-8-17"
"Wyoming County - PA",1,"2017-8-17"
"Dover District Council",2,"2017-3-24"
"Town of Mono, Ontario",1,"2017-2-22"
"Zolman",1,"2016-11-10"
"Kyle Wikstrom",4,"2017-3-5"
"City of Norman",2,"2017-3-7"
"City Of Surprise",2,"2017-3-20"
"Alphen aan den Rijn",3,"2017-4-12"
"ProRail",6,"2017-4-13"
"Colorado Trail System",2,"2017-3-5"
"Cloudy GIS",3,"2016-12-6"
"PennDOT GIS",2,"2016-12-6"
"National Cancer Institute",2,"2016-12-6"
"Arizona Department of Water Resources",2,"2015-8-14"
"Esri UK Demo Site",2,"2016-12-6"
"EIST AJ's site",2,"2016-12-6"
"Post Falls GIS",2,"2016-12-6"
"Darlington County",4,"2017-4-18"
"統計情報ポータル（Demo）",2,"2017-4-24"
"Food Security",2,"2016-12-6"
"Global Partnership for Sustainable Development Data",2,"2016-12-6"
"Gippsland Ports",1,"2016-12-6"
"Blue Skies Solutions, LLC",1,"2016-12-6"
"Finavia",1,"2016-12-6"
"Topomat Technologies",1,"2016-12-6"
"Lancaster County GIS",3,"2017-5-9"
"Hampshire County Council",1,"2016-7-25"
"KFL&A Public Health",1,"2016-12-6"
"Hampstead Vol. Fire Company",1,"2016-12-6"
"Region Halland",1,"2016-12-6"
"Upper Hutt City Council",2,"2016-12-6"
"Waterschap Groot Salland",1,"2016-12-6"
"Geosocial",1,"2016-12-6"
"MedTrucks",2,"2017-3-12"
"InterDev GIS",1,"2016-6-15"
"Gens Water Utilities",2,"2017-5-19"
"Open Space Institute",3,"2016-12-6"
"City of Brandon",2,"2015-7-20"
"Online Showcase",1,"2017-3-7"
"GéoAssur'",2,"2016-12-6"
"Imagem - Inteligência Geográfica inspirando o futuro",2,"2017-1-16"
"The Piton Foundation － Data Initiative",2,"2015-10-26"
"County Government Maps and Data",3,"2016-12-6"
"place4planners",2,"2016-12-6"
"Geoinformatics Salzburg ",2,"2016-12-6"
"Joan's Random Maps",3,"2016-12-6"
"Soporte Técnico ESRI Chile.",2,"2017-1-17"
"EnVision環境保全事務所",1,"2017-1-5"
"Education and Research",1,"2017-2-23"
"Department of Fire & Emergency Services",1,"2017-2-17"
"Pennsylvania Department of Corrections",1,"2016-12-6"
"Aeroterra - Oil & Gas",2,"2016-12-6"
"Cranston RI GIS",2,"2016-12-19"
"SERVIR Geospatial Information Technology",3,"2017-3-29"
"Geodata Systems - Data Division",1,"2017-6-8"
"Stockholm Vatten AB",1,"2017-5-31"
"Test_1",2,"2017-5-31"
"島崎保険会社ポータルサイト",2,"2015-11-18"
"Ards and North Down Borough Council",1,"2016-3-4"
"משרד החקלאות ופיתוח הכפר",1,"2017-7-12"
"EPIC Engineering and Consulting Group LLC",2,"2017-6-29"
"互動國際數位股份有限公司 Interactive Digital Technologies Inc.",2,"2017-7-20"
"Crossrail",5,"2017-7-26"
"Secretaria Distrital de Movilidad",4,"2017-7-31"
"City of Roseville",2,"2016-5-18"
"   Tahoe City Public Utility District",1,"2017-8-1"
"City of Flagstaff",2,"2017-8-8"
"NCSI Oman",3,"2017-8-10"
"USDA Food and Nutrition",1,"2017-8-10"
"Morton County",1,"2017-8-9"
"Natural Resources Assessment Section/DNMP/SEED",3,"2017-8-9"
"Western BOP District Council",2,"2017-8-9"
"City of Sunnyvale",2,"2017-8-4"
"Williams County",1,"2017-7-19"
"Departement du Nord",1,"2017-7-21"
"ArcGIS for Health",1,"2014-6-2"
"NSGIC Online Mapping Platform",2,"2016-6-12"
"Collectivité Territoriale de Corse",1,"2017-8-16"
"Colmar Agglomération",1,"2017-8-16"
"            ACT Government Online Maps and Apps",2,"2017-8-17"
"Agência Nacional de Águas",1,"2017-8-17"
"North Carolina Department of Commerce",1,"2016-9-22"
"Educación y Desarrollo Geográfico.",1,"2016-12-6"
"City of Des Moines, WA",1,"2017-3-2"
"University of Zurich",1,"2016-12-6"
"Pardubický kraj",1,"2016-12-6"
"NC Risk Management Office",1,"2016-10-27"
"USDA/APHIS",1,"2016-11-3"
"County of Perth",1,"2017-2-6"
"Arturo Arango",1,"2017-4-13"
"WebGIStime Company",1,"2016-8-4"
"Access ES",2,"2016-12-6"
"Achmea IMIT",1,"2016-12-6"
"New Mexico Community Data Collaborative",1,"2016-12-6"
"Karlskrona kommun",1,"2017-3-17"
"Telecom Intelligence ",1,"2016-12-6"
"Washington State Liquor and Cannabis Board",1,"2017-4-4"
"Information Technology Outreach Services",1,"2016-12-6"
"Centre National du cinéma et de l'image animée",1,"2016-12-6"
"Scottish Natural Heritage",1,"2017-3-24"
"Nebraska Department of Roads",1,"2016-12-6"
"Diputació Tarragona",1,"2016-12-6"
"Gervių tyrimai",1,"2016-12-6"
"City of Rifle",1,"2016-12-6"
"Ingenieros Consultores Asociados",1,"2016-12-6"
"Esri中国 政府技术部",1,"2016-12-6"
"MAMP Territoire du Pays de Martigues",1,"2016-12-6"
"City of San Diego",1,"2016-12-6"
"Singleton Council",1,"2016-12-6"
"Township of Montclair Dept. of Planning",1,"2016-12-7"
"Pitkin County, Colorado",1,"2016-12-6"
"Lund University",1,"2016-12-6"
"D.G. Catastro",1,"2016-12-6"
"Salem-Keizer Transit",1,"2016-12-6"
"CDPNE",1,"2017-2-15"
"Samsyn kennsla",1,"2017-2-15"
"New Zealand Transport Agency",1,"2017-3-23"
"GISsat Showcase",1,"2017-3-14"
"Georgia Emergency Management & Homeland Security Agency",1,"2017-4-5"
"City of Mt. Juliet",1,"2017-3-30"
"Cardinia Shire Council",1,"2017-2-16"
"Delft",1,"2017-3-1"
"Milwaukee County Land Information Office",1,"2017-2-21"
"México Online",1,"2017-5-4"
"Horrocks Engineers",2,"2017-7-11"
"The Ministry of VROMI Government of St. Maarten",2,"2017-7-12"
"WAVUS",2,"2017-6-14"
"Marin County Community Development Agency",1,"2017-5-25"
"City of Pompano Beach",1,"2016-6-22"
"互動國際數位(股)公司(中南辦事處)",1,"2017-5-19"
"Mid-Ohio Regional Planning Commission",2,"2016-12-28"
"Samaritan's Purse GIS",1,"2014-11-3"
"Region of Waterloo",1,"2016-11-17"
"Esri Nederland Support",1,"2017-7-17"
"HUB Testing Org",2,"2017-7-7"
"Richland County, Ohio, Regional Planning Commission",1,"2016-7-13"
"Michigan State University Online ArcGIS",1,"2017-8-7"
"House of Representatives",1,"2017-8-2"
"Business Continuity Planning",2,"2017-8-10"
"City of Dublin, Ohio",1,"2017-8-11"
"Shared GIS and Location Services",1,"2017-8-11"
"FDOT District VI Online",1,"2017-8-14"
"Clay County, MN",1,"2017-8-15"
"City and County of San Francisco",2,"2017-8-10"
"City of New Haven GIS",1,"2017-8-16"
"Living Atlas – Landscape Content ",1,"2016-11-28"
